{
  "markdowns/articles.md": {
    "size": 15831,
    "mtime": 1734294997.007655,
    "ctime": 1734294997.007655
  }
}